title,url
Partner Solution Architect,https://www.teamblind.com/jobs/48696791
Software Engineer,https://www.teamblind.com/jobs/15261
Product Designer,https://www.teamblind.com/jobs/7996192
Head of Brand Design,https://www.teamblind.com/jobs/21303429
"Software Engineer, Build and Release",https://www.teamblind.com/jobs/14814
Technical Enablement Manager,https://www.teamblind.com/jobs/55506869
Community Support Engineer,https://www.teamblind.com/jobs/19268103
Partner Solution Engineer,https://www.teamblind.com/jobs/48694156
Frontend Engineer,https://www.teamblind.com/jobs/15294
CPU Product Manager,https://www.teamblind.com/jobs/34118343
Demo Engineer,https://www.teamblind.com/jobs/48278361
"Manager, Design for Test Engineering",https://www.teamblind.com/jobs/51918235
Technical Account Manager,https://www.teamblind.com/jobs/9969467
"Power and Signal Integrity (PI/SI) Design Engineer, Principal",https://www.teamblind.com/jobs/32901226
"Software Engineer, Performance",https://www.teamblind.com/jobs/20746692
Senior Software Engineer - Full Stack,https://www.teamblind.com/jobs/56379365
Senior Software Engineer,https://www.teamblind.com/jobs/55916170
Enterprise Sales Engineer,https://www.teamblind.com/jobs/28275754
Infrastructure Engineer,https://www.teamblind.com/jobs/14642
Customer Success Project Manager,https://www.teamblind.com/jobs/59170254
"Infrastructure Engineer, Data Platform",https://www.teamblind.com/jobs/3648673
Senior Technical Product Owner - Evernorth,https://www.teamblind.com/jobs/58350729
Software Engineer,https://www.teamblind.com/jobs/57182432
Support Specialist (New York City),https://www.teamblind.com/jobs/35117346
Software Engineer - Platform (New York City),https://www.teamblind.com/jobs/25827141
Software Engineer - Borrower Experience (New York City),https://www.teamblind.com/jobs/4095019
"Product Manager, Cloud Kitchens- Seattle",https://www.teamblind.com/jobs/57609565
Infrastructure Engineer Senior Advisor - Evernorth - Hybrid,https://www.teamblind.com/jobs/58352867
"Senior Principal Engineer, Cache Coherency Subsystem Verification",https://www.teamblind.com/jobs/50641078
Senior Product Designer,https://www.teamblind.com/jobs/29118578
Senior Technical Product Owner - Evernorth,https://www.teamblind.com/jobs/58712923
Infrastructure Engineer Senior Advisor - Evernorth - Hybrid,https://www.teamblind.com/jobs/58352867
"Senior Principal Engineer, Cache Coherency Subsystem Verification",https://www.teamblind.com/jobs/50641078
Senior Product Designer,https://www.teamblind.com/jobs/29118578
"Software Engineer, Core Product",https://www.teamblind.com/jobs/1337718
"Senior Software Engineer, AI Infrastructure",https://www.teamblind.com/jobs/58179735
"Senior Staff Software Engineer, UI Framework",https://www.teamblind.com/jobs/36672519
Test Technologist,https://www.teamblind.com/jobs/21149673
Principal Verification Engineer- CPU,https://www.teamblind.com/jobs/21155116
Maintenance and Controls Engineer - Express Scripts - Tempe AZ On-Site,https://www.teamblind.com/jobs/57625601
"Software Engineer, Machine Learning",https://www.teamblind.com/jobs/13379
"Staff Software Engineer, User Data Team",https://www.teamblind.com/jobs/54650368
Director of Software Engineering,https://www.teamblind.com/jobs/57790112
Mechatronics Engineer,https://www.teamblind.com/jobs/57737893
AI Product Engineer,https://www.teamblind.com/jobs/3496720
"Staff Software Engineer, Reporting",https://www.teamblind.com/jobs/12995292
Software Engineer,https://www.teamblind.com/jobs/57400502
Sr. Principal CPU Architectural Verification Engineer,https://www.teamblind.com/jobs/21151773
"SoC Design Engineer, Principal",https://www.teamblind.com/jobs/21149677
Product Manager,https://www.teamblind.com/jobs/14206746
Product Manager- Sales Growth,https://www.teamblind.com/jobs/46499526
"Staff Software Engineer, Portfolio Accounting",https://www.teamblind.com/jobs/12490903
Senior Support Engineer,https://www.teamblind.com/jobs/44678302
Software Engineer (Embedded),https://www.teamblind.com/jobs/37711877
Head of Content,https://www.teamblind.com/jobs/43430659
Full Stack Engineer,https://www.teamblind.com/jobs/8935762
Software Engineer (Trading Operations),https://www.teamblind.com/jobs/56325748
Electrical R&D Technician,https://www.teamblind.com/jobs/37757330
Chief Revenue Officer,https://www.teamblind.com/jobs/54656570
"Senior Product Manager- Workflows, Analytics & Access",https://www.teamblind.com/jobs/55937237
Head of Content,https://www.teamblind.com/jobs/43430659
Full Stack Engineer,https://www.teamblind.com/jobs/8935762
Software Engineer (Trading Operations),https://www.teamblind.com/jobs/56325748
Electrical R&D Technician,https://www.teamblind.com/jobs/37757330
Chief Revenue Officer,https://www.teamblind.com/jobs/54656570
"Senior Product Manager- Workflows, Analytics & Access",https://www.teamblind.com/jobs/55937237
Sales Engineer (Ad Tech),https://www.teamblind.com/jobs/42645510
"Senior Software Engineer, Deep Learning (AI)",https://www.teamblind.com/jobs/30317281
Senior Frontend Engineer,https://www.teamblind.com/jobs/31875542
"Director of Electronic Engineering, Medical Device",https://www.teamblind.com/jobs/13530517
Site Reliability Engineer,https://www.teamblind.com/jobs/18430733
"Security, privacy and compliance analyst (SF/NYC)",https://www.teamblind.com/jobs/56732828
Identity Governance Engineering Senior Manager - Evernorth Health Services - Hybrid,https://www.teamblind.com/jobs/53649551
Robotic Systems Test Automation Engineer,https://www.teamblind.com/jobs/36285313
Embedded Software Engineer,https://www.teamblind.com/jobs/9969788
"Global Program Manager, Community",https://www.teamblind.com/jobs/31804529
Sr Visual & Communications Designer,https://www.teamblind.com/jobs/55951951
Senior Electrical Engineer (Hardware Design),https://www.teamblind.com/jobs/37755793
"Senior Software Engineer, Core Services Team",https://www.teamblind.com/jobs/55950395
Security Researcher,https://www.teamblind.com/jobs/12654871
QA Director,https://www.teamblind.com/jobs/27868181
Compliance Program Manager,https://www.teamblind.com/jobs/43064130
Senior/Staff Experienced mock Interviewers,https://www.teamblind.com/jobs/12061118
"Senior Software Engineer, Autonomy - Controls",https://www.teamblind.com/jobs/44955347
"Software Engineer, Growth",https://www.teamblind.com/jobs/13427
"Senior Staff Software Engineer, Data Persistence",https://www.teamblind.com/jobs/37283865
Senior Software Engineer - Borrower Experience (New York City & San Francisco),https://www.teamblind.com/jobs/14455065
Lead Test Engineer - Evernorth Health Services - Hybrid,https://www.teamblind.com/jobs/55759818
CPU Verification Engineer- Entry Level,https://www.teamblind.com/jobs/29321702
"CAD Engineer, Principal",https://www.teamblind.com/jobs/31775602
CPU Verification Engineer- Entry Level,https://www.teamblind.com/jobs/29729308
"CAD Engineer, Principal",https://www.teamblind.com/jobs/31775602
"Senior Software Engineer, SMS Team",https://www.teamblind.com/jobs/20763069
Hardware Test and Bringup Engineer,https://www.teamblind.com/jobs/9970613
"Engineering Technician, CloudKitchens - US",https://www.teamblind.com/jobs/21150537
Senior Software Engineer (Full Stack),https://www.teamblind.com/jobs/56710766
Senior Software Engineer (Computational Geometry),https://www.teamblind.com/jobs/37707498
Product Security Engineer,https://www.teamblind.com/jobs/51239836
Senior Manager F5 Infrastructure Engineering and Operations - Evernorth Health Services - Hybrid,https://www.teamblind.com/jobs/54013542
"Epic Product Owner Sr Manager - Evernorth Health Services - Hybrid St Louis, MO/Franklin, TN/Phoenix, AZ",https://www.teamblind.com/jobs/46100958
Machine Learning Engineer,https://www.teamblind.com/jobs/37732639
Senior Software Engineer (Rust),https://www.teamblind.com/jobs/54664775
"Staff Software Engineer, Request Routing - Cloud I/O",https://www.teamblind.com/jobs/14471
Sr. Product Engineer,https://www.teamblind.com/jobs/21151760
"Engineering Manager, AI",https://www.teamblind.com/jobs/36895604
"Director, Memory Firmware Engineering",https://www.teamblind.com/jobs/36502007
Identity Governance Engineering Senior Manager - Evernorth Health Services - Hybrid,https://www.teamblind.com/jobs/54465348
Sales Engineer (SF/NYC),https://www.teamblind.com/jobs/9969862
"Compensation Partner, Programs",https://www.teamblind.com/jobs/51618288
"Senior Software Engineer, Fullstack / Frontend",https://www.teamblind.com/jobs/18430129
"Senior Software Engineer, Big Data",https://www.teamblind.com/jobs/13530516
Solutions Engineer,https://www.teamblind.com/jobs/13395
Software Engineer (Reference Data),https://www.teamblind.com/jobs/14370669
"Software Engineering, Sr. Manager - Evernorth Health Services - Hybrid",https://www.teamblind.com/jobs/52377680
"Software Engineer, Developer Infrastructure",https://www.teamblind.com/jobs/11802608
Brand Design Lead,https://www.teamblind.com/jobs/8752528
HVAC Installer,https://www.teamblind.com/jobs/54657304
"Senior Software Engineer, Interoperability",https://www.teamblind.com/jobs/55952800
Product Designer,https://www.teamblind.com/jobs/13268
Senior Data Scientist,https://www.teamblind.com/jobs/37731628
Product Designer,https://www.teamblind.com/jobs/13268
Senior Data Scientist,https://www.teamblind.com/jobs/37731628
Staff Virtual Machine Engineer,https://www.teamblind.com/jobs/33914350
Head of Design,https://www.teamblind.com/jobs/21282401
"SoC Design Engineer, Principal",https://www.teamblind.com/jobs/21155058
"Product Manager, Search and Discovery",https://www.teamblind.com/jobs/50813831
Senior Software Engineer,https://www.teamblind.com/jobs/37731779
"Senior Software Engineer, User Data Team",https://www.teamblind.com/jobs/17081387
Principal Verification Engineer- CPU,https://www.teamblind.com/jobs/21155102
Identity Governance Engineering Senior Manager - Evernorth Health Services - Hybrid,https://www.teamblind.com/jobs/54013480
KYC Implementation Manager,https://www.teamblind.com/jobs/45468639
"Program Manager, Revenue Operations & Strategy",https://www.teamblind.com/jobs/49958677
Technical Project Manager,https://www.teamblind.com/jobs/45371847
Senior Materials Engineer (Metal 3D Printing),https://www.teamblind.com/jobs/37756317
"Senior Software Engineer, Fullstack / Frontend",https://www.teamblind.com/jobs/18430548
"Software Engineering, Sr. Manager - Evernorth Health Services - Hybrid",https://www.teamblind.com/jobs/35327120
Senior Software Engineer (Data Platform),https://www.teamblind.com/jobs/54664453
Customer and Product Leadership Program,https://www.teamblind.com/jobs/11988121
System Test Engineer for Cloud Services,https://www.teamblind.com/jobs/13549161
Full Stack Engineer (Tooling & Support),https://www.teamblind.com/jobs/36700333
Principal Product Quality and Reliability Engineer,https://www.teamblind.com/jobs/55311794
"Software Engineer, Trust",https://www.teamblind.com/jobs/45847822
Senior Technical Program Manager,https://www.teamblind.com/jobs/10435652
Senior Infrastructure Engineer (New York City),https://www.teamblind.com/jobs/25827195
Staff Technical Program Manager,https://www.teamblind.com/jobs/19637993
"Senior Software Engineer, Big Data",https://www.teamblind.com/jobs/44651083
"Software Engineer, Serving Infrastructure",https://www.teamblind.com/jobs/19454026
"Senior Account Executive [Hi-tech, Telco, Utilities]",https://www.teamblind.com/jobs/50038445
Staff Program Manager,https://www.teamblind.com/jobs/40449871
Principal ATE Test Engineer,https://www.teamblind.com/jobs/21151203
Senior Software Engineer (Embedded),https://www.teamblind.com/jobs/42008097
"Staff Software Engineer, Infrastructure & Operations (IO)",https://www.teamblind.com/jobs/14671
"Senior Software Engineer, AI Products",https://www.teamblind.com/jobs/30318398
"Staff Software Engineer, Data Persistence",https://www.teamblind.com/jobs/20928165
Delivery Engagement Manager,https://www.teamblind.com/jobs/57370791
"Senior Software Engineer, Android",https://www.teamblind.com/jobs/18331197
"Software Engineer, Enterprise",https://www.teamblind.com/jobs/13730968
"Software Engineer, Core Product",https://www.teamblind.com/jobs/51239873
Technical Lead,https://www.teamblind.com/jobs/20418509
"Senior Software Engineer, Autonomy - Perception",https://www.teamblind.com/jobs/44956930
Customer-Focused Silicon Validation Engineer- DDR/Memory Tuning,https://www.teamblind.com/jobs/21149516
"Senior Staff Software Engineer - Trading, Order Generation",https://www.teamblind.com/jobs/19644569
Senior C++ Engineer,https://www.teamblind.com/jobs/30679501
"Data Scientist, Creators",https://www.teamblind.com/jobs/14432651
Product Manager - Data Analytics,https://www.teamblind.com/jobs/56349253
Solutions Engineer,https://www.teamblind.com/jobs/36687650
Systems Engineer,https://www.teamblind.com/jobs/53020751
"Sr. Software Engineer, Video Pipeline (Seattle Area)",https://www.teamblind.com/jobs/32244463
Head of Embedded Software (Edge Compute),https://www.teamblind.com/jobs/55963594
"Staff Software Engineer, Data & Connectivity",https://www.teamblind.com/jobs/1088990
"Staff Software Engineer, Reporting",https://www.teamblind.com/jobs/15345
Lead Frontend/UI Developer,https://www.teamblind.com/jobs/9969963
Senior FPGA Engineer,https://www.teamblind.com/jobs/37756715
Senior Software Engineer,https://www.teamblind.com/jobs/23313699
Data Scientist,https://www.teamblind.com/jobs/55507837
"Software Engineering, Sr. Manager - Evernorth Health Services - Hybrid",https://www.teamblind.com/jobs/52377290
System Test Engineer (Automation),https://www.teamblind.com/jobs/13549146
"Senior Data Analyst, Marketing",https://www.teamblind.com/jobs/18333425
VP of Engineering,https://www.teamblind.com/jobs/37711929
Senior Software Engineer (C++),https://www.teamblind.com/jobs/54664430
"Technical Program Manager, Web Presence",https://www.teamblind.com/jobs/37279801
Senior Product Manager,https://www.teamblind.com/jobs/45450602
Senior Process Engineer (Advanced R&D),https://www.teamblind.com/jobs/37711886
QA Test Automation Engineer,https://www.teamblind.com/jobs/11167097
Senior Machine Learning Engineer,https://www.teamblind.com/jobs/44556936
Principal Product Quality and Reliability Engineer,https://www.teamblind.com/jobs/55310046
"Sr. Software Engineer, Video Pipeline (SFO Bay Area - Hybrid)",https://www.teamblind.com/jobs/32244398
Data Engineer,https://www.teamblind.com/jobs/37731589
Senior Software Engineer,https://www.teamblind.com/jobs/34333389
"Manager, Software Engineering, Integrations and API",https://www.teamblind.com/jobs/47863376
Senior Software Engineer (3D),https://www.teamblind.com/jobs/37710486
Senior Full-Stack Engineer,https://www.teamblind.com/jobs/31873027
Ai Engineer,https://www.teamblind.com/jobs/56349165
"Software Engineer, Data Platform",https://www.teamblind.com/jobs/1654253
Data Scientist,https://www.teamblind.com/jobs/56348887
Implementation Manager (SF / NYC),https://www.teamblind.com/jobs/12905038
"Engineering Manager, Serving Infrastructure",https://www.teamblind.com/jobs/35094063
"Software Engineering, Sr. Manager - Evernorth Health Services - Hybrid",https://www.teamblind.com/jobs/52378166
Site Reliability Engineer,https://www.teamblind.com/jobs/17014305
Backend Engineer (All Levels),https://www.teamblind.com/jobs/22579365
Staff Technical Program Manager,https://www.teamblind.com/jobs/19637923
Lead HVAC Installer,https://www.teamblind.com/jobs/54656566
Software Engineer,https://www.teamblind.com/jobs/31568921
Software Engineer (Rust),https://www.teamblind.com/jobs/37710752
Data Scientist,https://www.teamblind.com/jobs/37732488
"Manager, Software Engineering",https://www.teamblind.com/jobs/45448162
Enterprise Solutions Engineer (SF/NYC),https://www.teamblind.com/jobs/9970013
"Software Engineer, Monetization Experience",https://www.teamblind.com/jobs/54633950
"Program Manager, CloudRetail",https://www.teamblind.com/jobs/23995458
"Business Intelligence Engineer, Sales & Success",https://www.teamblind.com/jobs/4899021
"Business Intelligence Engineer, Sales & Success",https://www.teamblind.com/jobs/4899021
Electrical Engineer (Hardware Design),https://www.teamblind.com/jobs/37755723
"Engineering Manager, Core Product",https://www.teamblind.com/jobs/13287
Senior Software Engineer - Operational Excellence (New York City & San Francisco),https://www.teamblind.com/jobs/4094588
Cloud Backend Software Engineer,https://www.teamblind.com/jobs/9969747
Senior Software Engineer,https://www.teamblind.com/jobs/10527840
Senior Backend Engineer,https://www.teamblind.com/jobs/13852562
CPU Verification Engineer,https://www.teamblind.com/jobs/21150981
Senior Software Engineer (Backend),https://www.teamblind.com/jobs/54664402
Software Engineer (C++),https://www.teamblind.com/jobs/42765978
Senior Analytics Engineer,https://www.teamblind.com/jobs/18333438
Sr. IT Systems Engineer,https://www.teamblind.com/jobs/15249734
"Senior Software Engineer, AI Products",https://www.teamblind.com/jobs/30317594
Business Solutions Architect (Presales),https://www.teamblind.com/jobs/35125733
Engineering Manager,https://www.teamblind.com/jobs/20417720
Senior Machine Learning Engineer,https://www.teamblind.com/jobs/37758111
Design Engineer,https://www.teamblind.com/jobs/4088623
Hardware Test Automation Engineer,https://www.teamblind.com/jobs/36286406
Sales Engineer,https://www.teamblind.com/jobs/23759877
Core Solutions Engineer (SF/NYC),https://www.teamblind.com/jobs/16942591
Frontend Engineer,https://www.teamblind.com/jobs/8935504
Conversation Design Program Manager,https://www.teamblind.com/jobs/12900460
Site Reliability Engineer,https://www.teamblind.com/jobs/18430552
"Staff Software Engineer - Trading, Order Management",https://www.teamblind.com/jobs/12444521
"Staff Full Stack Engineer, Workflow",https://www.teamblind.com/jobs/47973748
Staff Consensus Engineer,https://www.teamblind.com/jobs/33915715
"Product Manager, Projects",https://www.teamblind.com/jobs/37335976
"Engineering Manager, Operational Excellence (New York City & San Francisco)",https://www.teamblind.com/jobs/31159470
"Senior Data Analyst, Data Analytics",https://www.teamblind.com/jobs/18332887
IT Project Mgmt Senior Advisor - Evernorth - Hybrid,https://www.teamblind.com/jobs/37177064
IT Project Mgmt Senior Advisor - Evernorth - Hybrid,https://www.teamblind.com/jobs/37177064
Senior Escalation Engineer,https://www.teamblind.com/jobs/9969745
Software Engineer (C++),https://www.teamblind.com/jobs/13160041
Senior Manager F5 Infrastructure Engineering and Operations - Evernorth Health Services - Hybrid,https://www.teamblind.com/jobs/54463466
"Head of Solutions Engineering, Americas",https://www.teamblind.com/jobs/49958404
